id,0
0,Colby Jack Cheese
1,soya milk
2,Coconut Milk
3,Minced Pork
4,Pickle Juice
5,Cumin Seeds
6,Cinnamon Stick
7,Udon Noodles
8,Salted Butter
9,Quinoa
10,Rice Vinegar
11,Plum Tomatoes
12,Caraway Seed
13,lemon
14,Red Pepper Flakes
15,Borlotti Beans
16,Breadcrumbs
17,mustard
18,Chili Powder
19,Beef Fillet
20,Swede
21,flour tortilla
22,Light Brown Soft Sugar
23,Vinegar
24,Rice
25,flour
26,soy sauce
27,Naan Bread
28,plain flour
29,Shredded Mexican Cheese
30,Ginger Paste
31,Oil
32,Garam Masala
33,Bean Sprouts
34,oyster sauce
35,Smoked Paprika
36,Cod
37,turnips
38,chicken stock
39,Filo Pastry
40,Cinnamon
41,Macaroni
42,Thai green curry paste
43,Cherry Tomatoes
44,Fish Stock
45,carrots
46,Bun
47,Thai fish sauce
48,white vinegar
49,Sausages
50,sour cream
51,Brandy
52,Squash
53,Red Onions
54,lasagne sheets
55,Double Cream
56,Water
57,Corn Tortillas
58,Smoked Haddock
59,Chestnut Mushroom
60,little gem lettuce
61,Sugar
62,Red Chilli
63,Brown Sugar
64,heavy cream
65,Butternut Squash
66,vegetable oil
67,Basil
68,Sage
69,Ginger Cordial
70,garlic
71,Ancho Chillies
72,Starch
73,garlic powder
74,French Lentils
75,Chopped Parsley
76,Maple Syrup
77,Black Pepper
78,Baking Powder
79,Strawberries
80,Gruy√®re
81,Barbeque Sauce
82,Corn Flour
83,Cannellini Beans
84,Carrots
85,basil leaves
86,Chopped Tomatoes
87,Italian fennel sausages
88,Jerusalem Artichokes
89,Milk
90,Dry White Wine
91,Shortcrust Pastry
92,Lentils
93,Lemon Juice
94,Couscous
95,White Vinegar
96,Sea Salt
97,Apricot Jam
98,Spinach
99,avocado
100,Worcestershire Sauce
101,Shallots
102,Raspberries
103,sugar
104,Celeriac
105,Parma ham
106,Red Pepper
107,Yeast
108,baking powder
109,Green Beans
110,charlotte potatoes
111,mushrooms
112,anchovy fillet
113,chilled butter
114,Cloves
115,Spaghetti
116,lime
117,Cumin
118,Bacon
119,pecorino
120,Turmeric
121,Greek Yogurt
122,rice stick noodles
123,fennel seeds
124,Ciabatta
125,spinach
126,coconut milk
127,cajun
128,Peanuts
129,Lime
130,Salt
131,Miniature Marshmallows
132,Vanilla
133,Chives
134,Cucumber
135,Dill
136,Butter Beans
137,basil
138,Turkey Mince
139,Rosemary
140,Ricotta
141,Chickpeas
142,Orange Blossom Water
143,Chorizo
144,Chicken Stock
145,Cilantro
146,Passata
147,Mustard Powder
148,Parmesan
149,Lamb
150,Bay Leaves
151,Grand Marnier
152,whole wheat
153,potatoes
154,Green Pepper
155,zucchini
156,Beef Stock
157,salsa
158,Pumpkin
159,Challots
160,Green Chilli
161,carrot
162,Suet
163,Haddock
164,Beef
165,Balsamic Vinegar
166,Flour
167,Peas
168,rigatoni
169,"free-range egg, beaten"
170,Goose Fat
171,Black Olives
172,Sunflower Oil
173,Haricot Beans
174,Parmesan Cheese
175,Egg Yolks
176,Tarragon
177,Stout
178,white fish
179,Chinese broccoli
180,Noodles
181,Pecan Nuts
182,Avocado
183,Cornstarch
184,Cayenne pepper
185,Harissa Spice
186,Plain Flour
187,Kosher salt
188,Carrot
189,Vegetable Stock Cube
190,Hotsauce
191,Mushrooms
192,Mirin
193,bowtie pasta
194,Ground Pork
195,fresh thyme
196,Vegetable Oil
197,smoky paprika
198,Paprika
199,Olive oil
200,Mozzarella
201,olive oil
202,pitted black olives
203,Pepper
204,Fennel Seeds
205,Coriander
206,Saffron
207,Small Potatoes
208,Oyster Sauce
209,green beans
210,Garlic
211,coco sugar
212,Pilchards
213,All spice
214,Star Anise
215,ground almonds
216,Egg Plants
217,Currants
218,cold water
219,Rapeseed Oil
220,Parsley
221,Kielbasa
222,cacao
223,Tuna
224,raspberry jam
225,Black pepper
226,Onions
227,Kidney Beans
228,Duck Legs
229,Kale
230,Black Beans
231,Plain chocolate
232,Anchovy Fillet
233,Bread
234,Clams
235,vanilla
236,Milk Chocolate
237,Self-raising Flour
238,Leek
239,almond extract
240,Oregano
241,Broccoli
242,Vanilla Extract
243,Ackee
244,water
245,Diced Tomatoes
246,caster sugar
247,Minced Garlic
248,Cocoa
249,Soy Sauce
250,Honey
251,Chicken Thighs
252,Garlic powder
253,Curry Powder
254,Caster Sugar
255,Granulated Sugar
256,Nutmeg
257,flax eggs
258,oregano
259,Mixed Peel
260,Fennel
261,Yellow Pepper
262,Cream
263,Lamb Leg
264,peanut oil
265,Celery
266,red wine
267,Kosher Salt
268,butter
269,Butter
270,Tomato Ketchup
271,shallots
272,onion
273,Paccheri Pasta
274,Feta
275,Ginger
276,Mascarpone
277,Almonds
278,Chicken Breast
279,Shiitake Mushrooms
280,Mint
281,Eggs
282,Bulgur Wheat
283,Monterey Jack Cheese
284,Heavy Cream
285,green red lentils
286,Sushi Rice
287,vegan butter
288,Sauerkraut
289,Red Wine
290,fennel bulb
291,Onion
292,Cabbage
293,Salt Cod
294,Vegetable Stock
295,Cardamom
296,Thyme
297,Chilli Powder
298,sunflower oil
299,Cinnamon stick
300,spring onion
301,Brown Lentils
302,white wine
303,White Chocolate Chips
304,Jalapeno
305,chopped tomatoes
306,lamb loin chops
307,almond milk
308,Muscovado Sugar
309,Pears
310,vinegar
311,milk
312,Single Cream
313,Sweetcorn
314,Cheddar Cheese
315,Allspice
316,Dark Chocolate
317,Pecorino
318,Potatoes
319,Tomatoes
320,Lemon Zest
321,Salmon
322,Whole Milk
323,Spring Onions
324,Puff Pastry
325,Dark Brown Sugar
326,celeriac
327,Bouquet Garni
328,self raising flour
329,Lamb Mince
330,dark soy sauce
331,coriander
332,Basmati Rice
333,flaked almonds
334,English Mustard
335,Tahini
336,Marjoram
337,cayenne pepper
338,Sardines
339,Bay Leaf
340,Garlic Clove
341,Icing Sugar
342,Minced Beef
343,Sesame Seed Oil
344,Pork
345,Egg
346,Tomato
347,Sour Cream
348,Olive Oil
349,Peanut Butter
350,Chocolate Chips
351,red pepper flakes
352,Dried Oregano
353,Oysters
354,Lemon
355,Chicken
356,Cashew Nuts
357,Chicken Stock Cube
358,Paneer
359,Ras el hanout
360,Parmesan cheese
361,Mustard
362,Courgettes
363,Basil Leaves
364,Banana
365,Apricot
366,Red Wine Vinegar
367,Tamarind Paste
368,Rocket
369,Beef Shin
370,Tomato Puree
